-- 系统初始化种子数据（自动生成，请勿手改；改菜单/角色后重跑 gen_seed.py）
-- sys_menu
INSERT INTO `sys_menu` (`id`, `parent_id`, `name`, `type`, `path`, `component`, `permission_code`, `icon`, `sort_order`, `is_visible`, `is_enabled`, `created_at`, `updated_at`) VALUES (1, 0, '首页', 'menu', '/dashboard', 'dashboard/index', '', 'Monitor', 0, 1, 1, '2026-05-22 20:00:11', '2026-05-22 20:00:11');
INSERT INTO `sys_menu` (`id`, `parent_id`, `name`, `type`, `path`, `component`, `permission_code`, `icon`, `sort_order`, `is_visible`, `is_enabled`, `created_at`, `updated_at`) VALUES (2, 0, '项目管理', 'menu', '/project', 'project/index', 'project:list', 'Folder', 1, 1, 1, '2026-05-22 20:00:11', '2026-05-22 20:00:11');
INSERT INTO `sys_menu` (`id`, `parent_id`, `name`, `type`, `path`, `component`, `permission_code`, `icon`, `sort_order`, `is_visible`, `is_enabled`, `created_at`, `updated_at`) VALUES (3, 0, '需求管理', 'menu', '/requirement', 'requirement/index', 'requirement:list', 'Document', 2, 1, 1, '2026-05-22 20:00:11', '2026-05-22 20:00:11');
INSERT INTO `sys_menu` (`id`, `parent_id`, `name`, `type`, `path`, `component`, `permission_code`, `icon`, `sort_order`, `is_visible`, `is_enabled`, `created_at`, `updated_at`) VALUES (4, 0, '任务管理', 'directory', '/task', '', '', 'List', 3, 1, 1, '2026-05-22 20:00:11', '2026-05-22 20:00:11');
INSERT INTO `sys_menu` (`id`, `parent_id`, `name`, `type`, `path`, `component`, `permission_code`, `icon`, `sort_order`, `is_visible`, `is_enabled`, `created_at`, `updated_at`) VALUES (5, 0, 'Bug管理', 'directory', '/bug', '', '', 'Warning', 4, 1, 1, '2026-05-22 20:00:11', '2026-05-25 12:16:11');
INSERT INTO `sys_menu` (`id`, `parent_id`, `name`, `type`, `path`, `component`, `permission_code`, `icon`, `sort_order`, `is_visible`, `is_enabled`, `created_at`, `updated_at`) VALUES (7, 0, '系统管理', 'directory', '/system', '', '', 'Setting', 10, 1, 1, '2026-05-22 20:00:11', '2026-05-22 20:00:11');
INSERT INTO `sys_menu` (`id`, `parent_id`, `name`, `type`, `path`, `component`, `permission_code`, `icon`, `sort_order`, `is_visible`, `is_enabled`, `created_at`, `updated_at`) VALUES (8, 4, '任务列表', 'menu', '/task', 'task/index', 'task:list', '', 0, 1, 1, '2026-05-22 20:00:11', '2026-05-22 20:00:11');
INSERT INTO `sys_menu` (`id`, `parent_id`, `name`, `type`, `path`, `component`, `permission_code`, `icon`, `sort_order`, `is_visible`, `is_enabled`, `created_at`, `updated_at`) VALUES (9, 4, '任务看板', 'menu', '/task/board', 'task/board', 'task:list', '', 1, 1, 1, '2026-05-22 20:00:11', '2026-05-22 20:00:11');
INSERT INTO `sys_menu` (`id`, `parent_id`, `name`, `type`, `path`, `component`, `permission_code`, `icon`, `sort_order`, `is_visible`, `is_enabled`, `created_at`, `updated_at`) VALUES (10, 7, '用户管理', 'menu', '/system/user', 'system/user/index', 'user:list', '', 0, 1, 1, '2026-05-22 20:00:11', '2026-05-22 20:00:11');
INSERT INTO `sys_menu` (`id`, `parent_id`, `name`, `type`, `path`, `component`, `permission_code`, `icon`, `sort_order`, `is_visible`, `is_enabled`, `created_at`, `updated_at`) VALUES (11, 7, '角色管理', 'menu', '/system/role', 'system/role/index', 'role:list', '', 1, 1, 1, '2026-05-22 20:00:11', '2026-05-22 20:00:11');
INSERT INTO `sys_menu` (`id`, `parent_id`, `name`, `type`, `path`, `component`, `permission_code`, `icon`, `sort_order`, `is_visible`, `is_enabled`, `created_at`, `updated_at`) VALUES (12, 7, '菜单管理', 'menu', '/system/menu', 'system/menu/index', 'menu:list', '', 2, 1, 1, '2026-05-22 20:00:11', '2026-05-22 20:00:11');
INSERT INTO `sys_menu` (`id`, `parent_id`, `name`, `type`, `path`, `component`, `permission_code`, `icon`, `sort_order`, `is_visible`, `is_enabled`, `created_at`, `updated_at`) VALUES (13, 7, '操作日志', 'menu', '/log', 'log/index', 'log:list', '', 3, 1, 1, '2026-05-22 20:00:11', '2026-05-22 20:00:11');
INSERT INTO `sys_menu` (`id`, `parent_id`, `name`, `type`, `path`, `component`, `permission_code`, `icon`, `sort_order`, `is_visible`, `is_enabled`, `created_at`, `updated_at`) VALUES (14, 10, '新增用户', 'button', '', '', 'user:create', '', 0, 1, 1, '2026-05-22 20:00:11', '2026-05-23 14:39:18');
INSERT INTO `sys_menu` (`id`, `parent_id`, `name`, `type`, `path`, `component`, `permission_code`, `icon`, `sort_order`, `is_visible`, `is_enabled`, `created_at`, `updated_at`) VALUES (15, 10, '编辑用户', 'button', '', '', 'user:update', '', 0, 1, 1, '2026-05-22 20:00:11', '2026-05-23 14:39:18');
INSERT INTO `sys_menu` (`id`, `parent_id`, `name`, `type`, `path`, `component`, `permission_code`, `icon`, `sort_order`, `is_visible`, `is_enabled`, `created_at`, `updated_at`) VALUES (16, 10, '删除用户', 'button', '', '', 'user:delete', '', 0, 1, 1, '2026-05-22 20:00:11', '2026-05-23 14:39:18');
INSERT INTO `sys_menu` (`id`, `parent_id`, `name`, `type`, `path`, `component`, `permission_code`, `icon`, `sort_order`, `is_visible`, `is_enabled`, `created_at`, `updated_at`) VALUES (17, 11, '新增角色', 'button', '', '', 'role:create', '', 0, 1, 1, '2026-05-22 20:00:11', '2026-05-23 14:39:18');
INSERT INTO `sys_menu` (`id`, `parent_id`, `name`, `type`, `path`, `component`, `permission_code`, `icon`, `sort_order`, `is_visible`, `is_enabled`, `created_at`, `updated_at`) VALUES (18, 11, '编辑角色', 'button', '', '', 'role:update', '', 0, 1, 1, '2026-05-22 20:00:11', '2026-05-23 14:39:18');
INSERT INTO `sys_menu` (`id`, `parent_id`, `name`, `type`, `path`, `component`, `permission_code`, `icon`, `sort_order`, `is_visible`, `is_enabled`, `created_at`, `updated_at`) VALUES (19, 11, '删除角色', 'button', '', '', 'role:delete', '', 0, 1, 1, '2026-05-22 20:00:11', '2026-05-23 14:39:18');
INSERT INTO `sys_menu` (`id`, `parent_id`, `name`, `type`, `path`, `component`, `permission_code`, `icon`, `sort_order`, `is_visible`, `is_enabled`, `created_at`, `updated_at`) VALUES (20, 12, '新增菜单', 'button', '', '', 'menu:create', '', 0, 1, 1, '2026-05-22 20:00:11', '2026-05-23 14:39:18');
INSERT INTO `sys_menu` (`id`, `parent_id`, `name`, `type`, `path`, `component`, `permission_code`, `icon`, `sort_order`, `is_visible`, `is_enabled`, `created_at`, `updated_at`) VALUES (21, 12, '编辑菜单', 'button', '', '', 'menu:update', '', 0, 1, 1, '2026-05-22 20:00:11', '2026-05-23 14:39:18');
INSERT INTO `sys_menu` (`id`, `parent_id`, `name`, `type`, `path`, `component`, `permission_code`, `icon`, `sort_order`, `is_visible`, `is_enabled`, `created_at`, `updated_at`) VALUES (22, 12, '删除菜单', 'button', '', '', 'menu:delete', '', 0, 1, 1, '2026-05-22 20:00:11', '2026-05-23 14:39:18');
INSERT INTO `sys_menu` (`id`, `parent_id`, `name`, `type`, `path`, `component`, `permission_code`, `icon`, `sort_order`, `is_visible`, `is_enabled`, `created_at`, `updated_at`) VALUES (23, 2, '新增项目', 'button', '', '', 'project:create', '', 0, 1, 1, '2026-05-22 20:00:11', '2026-05-22 20:00:11');
INSERT INTO `sys_menu` (`id`, `parent_id`, `name`, `type`, `path`, `component`, `permission_code`, `icon`, `sort_order`, `is_visible`, `is_enabled`, `created_at`, `updated_at`) VALUES (24, 2, '编辑项目', 'button', '', '', 'project:update', '', 0, 1, 1, '2026-05-22 20:00:11', '2026-05-22 20:00:11');
INSERT INTO `sys_menu` (`id`, `parent_id`, `name`, `type`, `path`, `component`, `permission_code`, `icon`, `sort_order`, `is_visible`, `is_enabled`, `created_at`, `updated_at`) VALUES (25, 3, '新增需求', 'button', '', '', 'requirement:create', '', 0, 1, 1, '2026-05-22 20:00:11', '2026-05-22 20:00:11');
INSERT INTO `sys_menu` (`id`, `parent_id`, `name`, `type`, `path`, `component`, `permission_code`, `icon`, `sort_order`, `is_visible`, `is_enabled`, `created_at`, `updated_at`) VALUES (27, 4, '新增任务', 'button', '', '', 'task:create', '', 0, 1, 1, '2026-05-22 20:00:11', '2026-05-22 20:00:11');
INSERT INTO `sys_menu` (`id`, `parent_id`, `name`, `type`, `path`, `component`, `permission_code`, `icon`, `sort_order`, `is_visible`, `is_enabled`, `created_at`, `updated_at`) VALUES (28, 30, '新增Bug', 'button', '', '', 'bug:create', '', 0, 1, 1, '2026-05-22 20:00:11', '2026-05-25 12:16:12');
INSERT INTO `sys_menu` (`id`, `parent_id`, `name`, `type`, `path`, `component`, `permission_code`, `icon`, `sort_order`, `is_visible`, `is_enabled`, `created_at`, `updated_at`) VALUES (29, 4, '我的任务', 'menu', '/task/mytasks', 'task/mytasks', 'task:mytasks', '', 2, 1, 1, '2026-05-25 11:54:07', '2026-05-25 11:54:07');
INSERT INTO `sys_menu` (`id`, `parent_id`, `name`, `type`, `path`, `component`, `permission_code`, `icon`, `sort_order`, `is_visible`, `is_enabled`, `created_at`, `updated_at`) VALUES (30, 5, 'Bug列表', 'menu', '/bug', 'bug/index', 'bug:list', '', 0, 1, 1, '2026-05-25 12:16:11', '2026-05-25 12:16:11');
INSERT INTO `sys_menu` (`id`, `parent_id`, `name`, `type`, `path`, `component`, `permission_code`, `icon`, `sort_order`, `is_visible`, `is_enabled`, `created_at`, `updated_at`) VALUES (31, 5, '我的Bug', 'menu', '/bug/mybugs', 'bug/mybugs', 'bug:mybugs', '', 1, 1, 1, '2026-05-25 12:16:11', '2026-06-15 11:13:16');
INSERT INTO `sys_menu` (`id`, `parent_id`, `name`, `type`, `path`, `component`, `permission_code`, `icon`, `sort_order`, `is_visible`, `is_enabled`, `created_at`, `updated_at`) VALUES (32, 7, '系统设置', 'menu', '/system/config', 'system/config/index', 'config:list', 'Tools', 4, 1, 1, '2026-05-25 16:04:50', '2026-05-25 16:04:50');
-- sys_role
INSERT INTO `sys_role` (`id`, `name`, `code`, `description`, `is_enabled`, `created_at`, `updated_at`) VALUES (1, '超级管理员', 'super_admin', '拥有所有权限', 1, '2026-05-22 20:00:11', '2026-05-22 20:00:11');
INSERT INTO `sys_role` (`id`, `name`, `code`, `description`, `is_enabled`, `created_at`, `updated_at`) VALUES (2, '项目负责人', 'project_owner', '审批需求，管理项目全局', 1, '2026-05-23 14:39:18', '2026-05-23 14:39:18');
INSERT INTO `sys_role` (`id`, `name`, `code`, `description`, `is_enabled`, `created_at`, `updated_at`) VALUES (3, '技术负责人', 'tech_leader', '分配任务、处理Bug、管理技术团队', 1, '2026-05-23 14:39:18', '2026-05-23 14:39:18');
INSERT INTO `sys_role` (`id`, `name`, `code`, `description`, `is_enabled`, `created_at`, `updated_at`) VALUES (5, '开发人员', 'developer', '查看项目、完成任务、提交Bug', 1, '2026-05-23 15:24:53', '2026-05-23 15:24:53');
INSERT INTO `sys_role` (`id`, `name`, `code`, `description`, `is_enabled`, `created_at`, `updated_at`) VALUES (6, '产品', 'product', '可查看需求和任务列表，不可编辑任务', 1, '2026-05-23 17:51:34', '2026-05-23 17:51:34');
INSERT INTO `sys_role` (`id`, `name`, `code`, `description`, `is_enabled`, `created_at`, `updated_at`) VALUES (7, 'Bug反馈', 'bug_reporter', '只能提交和查看Bug', 1, '2026-05-23 17:51:34', '2026-05-23 17:51:34');
-- sys_user
INSERT INTO `sys_user` (`id`, `username`, `password_hash`, `real_name`, `avatar`, `is_enabled`, `token_version`, `created_at`, `updated_at`, `wx_room_id`, `wx_user_id`, `wx_user_name`, `wx_room_name`) VALUES (1, 'admin', '$2b$12$uM3a2puIeh8UHesGhsVkLurB19Dl.z29hJ4O8vtVmadoG0C5pxfk6', '管理员', '', 1, 0, '2026-05-22 20:00:11', '2026-06-15 11:43:54', '', '', '', '');
-- sys_role_menu
INSERT INTO `sys_role_menu` (`id`, `role_id`, `menu_id`) VALUES (1, 1, 17);
INSERT INTO `sys_role_menu` (`id`, `role_id`, `menu_id`) VALUES (2, 1, 18);
INSERT INTO `sys_role_menu` (`id`, `role_id`, `menu_id`) VALUES (3, 1, 2);
INSERT INTO `sys_role_menu` (`id`, `role_id`, `menu_id`) VALUES (4, 1, 19);
INSERT INTO `sys_role_menu` (`id`, `role_id`, `menu_id`) VALUES (5, 1, 20);
INSERT INTO `sys_role_menu` (`id`, `role_id`, `menu_id`) VALUES (6, 1, 4);
INSERT INTO `sys_role_menu` (`id`, `role_id`, `menu_id`) VALUES (7, 1, 21);
INSERT INTO `sys_role_menu` (`id`, `role_id`, `menu_id`) VALUES (8, 1, 3);
INSERT INTO `sys_role_menu` (`id`, `role_id`, `menu_id`) VALUES (9, 1, 22);
INSERT INTO `sys_role_menu` (`id`, `role_id`, `menu_id`) VALUES (11, 1, 23);
INSERT INTO `sys_role_menu` (`id`, `role_id`, `menu_id`) VALUES (12, 1, 24);
INSERT INTO `sys_role_menu` (`id`, `role_id`, `menu_id`) VALUES (13, 1, 5);
INSERT INTO `sys_role_menu` (`id`, `role_id`, `menu_id`) VALUES (14, 1, 25);
INSERT INTO `sys_role_menu` (`id`, `role_id`, `menu_id`) VALUES (15, 1, 10);
INSERT INTO `sys_role_menu` (`id`, `role_id`, `menu_id`) VALUES (17, 1, 7);
INSERT INTO `sys_role_menu` (`id`, `role_id`, `menu_id`) VALUES (18, 1, 27);
INSERT INTO `sys_role_menu` (`id`, `role_id`, `menu_id`) VALUES (19, 1, 8);
INSERT INTO `sys_role_menu` (`id`, `role_id`, `menu_id`) VALUES (20, 1, 28);
INSERT INTO `sys_role_menu` (`id`, `role_id`, `menu_id`) VALUES (21, 1, 9);
INSERT INTO `sys_role_menu` (`id`, `role_id`, `menu_id`) VALUES (22, 1, 16);
INSERT INTO `sys_role_menu` (`id`, `role_id`, `menu_id`) VALUES (23, 1, 11);
INSERT INTO `sys_role_menu` (`id`, `role_id`, `menu_id`) VALUES (24, 1, 12);
INSERT INTO `sys_role_menu` (`id`, `role_id`, `menu_id`) VALUES (25, 1, 13);
INSERT INTO `sys_role_menu` (`id`, `role_id`, `menu_id`) VALUES (26, 1, 14);
INSERT INTO `sys_role_menu` (`id`, `role_id`, `menu_id`) VALUES (27, 1, 15);
INSERT INTO `sys_role_menu` (`id`, `role_id`, `menu_id`) VALUES (28, 1, 1);
INSERT INTO `sys_role_menu` (`id`, `role_id`, `menu_id`) VALUES (29, 2, 28);
INSERT INTO `sys_role_menu` (`id`, `role_id`, `menu_id`) VALUES (30, 2, 23);
INSERT INTO `sys_role_menu` (`id`, `role_id`, `menu_id`) VALUES (31, 2, 2);
INSERT INTO `sys_role_menu` (`id`, `role_id`, `menu_id`) VALUES (32, 2, 24);
INSERT INTO `sys_role_menu` (`id`, `role_id`, `menu_id`) VALUES (33, 2, 8);
INSERT INTO `sys_role_menu` (`id`, `role_id`, `menu_id`) VALUES (34, 2, 3);
INSERT INTO `sys_role_menu` (`id`, `role_id`, `menu_id`) VALUES (35, 2, 25);
INSERT INTO `sys_role_menu` (`id`, `role_id`, `menu_id`) VALUES (36, 2, 9);
INSERT INTO `sys_role_menu` (`id`, `role_id`, `menu_id`) VALUES (37, 2, 4);
INSERT INTO `sys_role_menu` (`id`, `role_id`, `menu_id`) VALUES (39, 2, 5);
INSERT INTO `sys_role_menu` (`id`, `role_id`, `menu_id`) VALUES (40, 2, 1);
INSERT INTO `sys_role_menu` (`id`, `role_id`, `menu_id`) VALUES (43, 3, 28);
INSERT INTO `sys_role_menu` (`id`, `role_id`, `menu_id`) VALUES (45, 3, 2);
INSERT INTO `sys_role_menu` (`id`, `role_id`, `menu_id`) VALUES (47, 3, 8);
INSERT INTO `sys_role_menu` (`id`, `role_id`, `menu_id`) VALUES (48, 3, 3);
INSERT INTO `sys_role_menu` (`id`, `role_id`, `menu_id`) VALUES (50, 3, 9);
INSERT INTO `sys_role_menu` (`id`, `role_id`, `menu_id`) VALUES (51, 3, 4);
INSERT INTO `sys_role_menu` (`id`, `role_id`, `menu_id`) VALUES (53, 3, 5);
INSERT INTO `sys_role_menu` (`id`, `role_id`, `menu_id`) VALUES (54, 3, 1);
INSERT INTO `sys_role_menu` (`id`, `role_id`, `menu_id`) VALUES (55, 3, 27);
INSERT INTO `sys_role_menu` (`id`, `role_id`, `menu_id`) VALUES (71, 5, 28);
INSERT INTO `sys_role_menu` (`id`, `role_id`, `menu_id`) VALUES (72, 5, 2);
INSERT INTO `sys_role_menu` (`id`, `role_id`, `menu_id`) VALUES (73, 5, 1);
INSERT INTO `sys_role_menu` (`id`, `role_id`, `menu_id`) VALUES (75, 5, 5);
INSERT INTO `sys_role_menu` (`id`, `role_id`, `menu_id`) VALUES (76, 5, 4);
INSERT INTO `sys_role_menu` (`id`, `role_id`, `menu_id`) VALUES (77, 5, 8);
INSERT INTO `sys_role_menu` (`id`, `role_id`, `menu_id`) VALUES (78, 6, 3);
INSERT INTO `sys_role_menu` (`id`, `role_id`, `menu_id`) VALUES (80, 6, 4);
INSERT INTO `sys_role_menu` (`id`, `role_id`, `menu_id`) VALUES (81, 6, 28);
INSERT INTO `sys_role_menu` (`id`, `role_id`, `menu_id`) VALUES (82, 6, 5);
INSERT INTO `sys_role_menu` (`id`, `role_id`, `menu_id`) VALUES (83, 6, 8);
INSERT INTO `sys_role_menu` (`id`, `role_id`, `menu_id`) VALUES (84, 6, 1);
INSERT INTO `sys_role_menu` (`id`, `role_id`, `menu_id`) VALUES (85, 6, 25);
INSERT INTO `sys_role_menu` (`id`, `role_id`, `menu_id`) VALUES (86, 6, 2);
INSERT INTO `sys_role_menu` (`id`, `role_id`, `menu_id`) VALUES (87, 7, 28);
INSERT INTO `sys_role_menu` (`id`, `role_id`, `menu_id`) VALUES (88, 7, 2);
INSERT INTO `sys_role_menu` (`id`, `role_id`, `menu_id`) VALUES (89, 7, 1);
INSERT INTO `sys_role_menu` (`id`, `role_id`, `menu_id`) VALUES (90, 7, 5);
INSERT INTO `sys_role_menu` (`id`, `role_id`, `menu_id`) VALUES (91, 1, 29);
INSERT INTO `sys_role_menu` (`id`, `role_id`, `menu_id`) VALUES (92, 5, 29);
INSERT INTO `sys_role_menu` (`id`, `role_id`, `menu_id`) VALUES (93, 2, 29);
INSERT INTO `sys_role_menu` (`id`, `role_id`, `menu_id`) VALUES (94, 3, 29);
INSERT INTO `sys_role_menu` (`id`, `role_id`, `menu_id`) VALUES (95, 1, 31);
INSERT INTO `sys_role_menu` (`id`, `role_id`, `menu_id`) VALUES (98, 5, 31);
INSERT INTO `sys_role_menu` (`id`, `role_id`, `menu_id`) VALUES (99, 1, 30);
INSERT INTO `sys_role_menu` (`id`, `role_id`, `menu_id`) VALUES (100, 2, 30);
INSERT INTO `sys_role_menu` (`id`, `role_id`, `menu_id`) VALUES (101, 3, 30);
INSERT INTO `sys_role_menu` (`id`, `role_id`, `menu_id`) VALUES (105, 1, 32);
INSERT INTO `sys_role_menu` (`id`, `role_id`, `menu_id`) VALUES (109, 2, 27);
INSERT INTO `sys_role_menu` (`id`, `role_id`, `menu_id`) VALUES (110, 3, 31);
INSERT INTO `sys_role_menu` (`id`, `role_id`, `menu_id`) VALUES (111, 5, 30);
INSERT INTO `sys_role_menu` (`id`, `role_id`, `menu_id`) VALUES (112, 6, 30);
INSERT INTO `sys_role_menu` (`id`, `role_id`, `menu_id`) VALUES (113, 7, 30);
-- sys_user_role
INSERT INTO `sys_user_role` (`id`, `user_id`, `role_id`) VALUES (1, 1, 1);
-- sys_config
INSERT INTO `sys_config` (`id`, `config_key`, `config_value`, `description`, `updated_at`) VALUES (1, 'wechat_work_webhook_url', '', '企业微信群机器人Webhook地址', '2026-06-15 11:57:42');
INSERT INTO `sys_config` (`id`, `config_key`, `config_value`, `description`, `updated_at`) VALUES (2, 'site_url', '', '前端站点访问地址', '2026-06-15 11:57:42');
INSERT INTO `sys_config` (`id`, `config_key`, `config_value`, `description`, `updated_at`) VALUES (3, 'wx_bot_url', '', '企微机器人API地址', '2026-06-15 11:57:42');
INSERT INTO `sys_config` (`id`, `config_key`, `config_value`, `description`, `updated_at`) VALUES (4, 'notify_fallback_userid', '', '机器人通知失败时企微webhook艾特的UserId', '2026-06-15 11:57:42');
INSERT INTO `sys_config` (`id`, `config_key`, `config_value`, `description`, `updated_at`) VALUES (5, 'oss_enabled', 'false', '是否启用阿里云OSS存储：true/false', '2026-06-12 17:36:04');
INSERT INTO `sys_config` (`id`, `config_key`, `config_value`, `description`, `updated_at`) VALUES (6, 'oss_access_key_id', '', '阿里云AccessKey ID', '2026-06-15 11:57:42');
INSERT INTO `sys_config` (`id`, `config_key`, `config_value`, `description`, `updated_at`) VALUES (7, 'oss_access_key_secret', '', '阿里云AccessKey Secret', '2026-06-15 11:57:42');
INSERT INTO `sys_config` (`id`, `config_key`, `config_value`, `description`, `updated_at`) VALUES (8, 'oss_bucket', '', 'OSS Bucket名称', '2026-06-15 11:57:42');
INSERT INTO `sys_config` (`id`, `config_key`, `config_value`, `description`, `updated_at`) VALUES (9, 'oss_endpoint', '', 'OSS Endpoint，如 oss-cn-beijing.aliyuncs.com', '2026-06-15 11:57:42');
INSERT INTO `sys_config` (`id`, `config_key`, `config_value`, `description`, `updated_at`) VALUES (10, 'oss_base_path', '', 'OSS存储路径前缀，所有文件存到该路径下', '2026-06-12 17:30:57');
